adm2_name,road_km,area_km2,road_density_km_per_km2
Cidade de Lichinga,126.29311196019931,3314.6714365541325,0.03810124604431116
Cuamba,189.8750017219721,5367.498238790529,0.03537495370743839
Lago,108.74033409969186,12070.398359235227,0.00900884385613447
Chimbonila,177.55389507661835,3828.523347073368,0.046376599795935836
Majune,156.85387350807437,11701.990994434196,0.013404033004527059
Mandimba,176.01774731442538,4688.172290407654,0.03754506797341272
Marrupa,181.64397577528698,17501.523925005764,0.010378751962036767
Maua,106.89013807833281,8418.2893720008,0.012697370374775786
Mavago,0.0,9008.60342546103,0.0
Mecanhelas,0.0,5018.429416955246,0.0
Mecula,0.0,18371.688409054914,0.0
Metarica,48.61255364142761,4537.380166295366,0.010713793391731223
Muembe,0.0,5824.289305286241,0.0
N'gauma,56.303823108723904,2628.7835164463254,0.021418204563621594
Nipepe,0.0,5044.176329873364,0.0
Sanga,68.45195898559675,12239.588469421245,0.005592668344741621
Cidade de Pemba,29.87899676896525,102.20439332535878,0.2923455225045764
Ancuabe,225.09605303710885,4983.413331836512,0.045169051420857226
Balama,135.29209672485996,5545.486645321158,0.024396794254118115
Chiúre,74.98727345886928,5440.50861846268,0.0137831365994708
Ibo,0.0,181.30834891822246,0.0
Macomia,70.6302314312033,4177.168522609083,0.016908638243564866
Mecúfi,0.0,838.1421397107878,0.0
Meluco,56.43414319338136,5800.756620255824,0.009728755555149031
Mocímboa da Praia,58.27010601574059,3536.34650799214,0.016477487679459637
Montepuez,139.98671417184747,17957.224633826503,0.007795565129154244
Mueda,86.51344262851369,11792.522569373743,0.007336296548899299
Muidumbe,106.61635636512445,1747.5561264260757,0.061008830991405916
Namuno,0.0,6032.959864178594,0.0
Nangade,0.0,3046.473218060812,0.0
Palma,0.0,3614.818382256755,0.0
Metuge,76.64818955791733,2027.7159938684665,0.037800258906913436
Quissanga,9.208250476835234,2146.3269133216363,0.004290236692128427
Cidade de Nampula,197.67281556248298,1577.9027090361787,0.12527566777753132
Angoche,86.10870424216058,3051.227124241559,0.028221007724413355
Erati,59.39894283341772,5774.598524441772,0.010286246322060943
Ilha de Moçambique,48.36427644363681,178.42322161180127,0.2710649208479369
Lalaua,0.0,4560.420478300359,0.0
Malema,147.5073729509142,6081.53528959561,0.024254956343552295
Meconta,162.59212945877638,3646.539552939831,0.04458806139308019
Mecuburi,33.62870350779904,7259.923116932319,0.004632101878512571
Memba,0.0,4520.008761461426,0.0
Mogincual,0.0,2313.875863947414,0.0
Mogovolas,58.85736930990066,4754.335777755376,0.012379724962902914
Moma,80.52288914360632,3960.1573302786373,0.020333255077504893
Monapo,242.4666259726371,3489.5170569792695,0.06948429310230408
Mossuril,63.02979131802767,3225.24610601873,0.01954263000284098
Muecate,8.825420248632486,4656.118276855635,0.0018954458894442992
Murrupula,59.06392184159176,3118.140312482991,0.01894203464967196
Nacala Porto,29.08130316413003,535.724104089436,0.05428410434053398
Nacala-a-Velha,28.008313998326184,1306.3368739304917,0.021440345562668748
Nacaroa,74.11758596658741,2242.159809822863,0.033056335075617525
Rapale,117.67726436007902,2454.4801739159693,0.0479438642897377
Ribáuè,173.35386284382722,6287.619484072833,0.02757066697228575
Larde,77.48273722205786,1863.8025723075061,0.04157239525972395
Liupo,0.0,2153.993643690617,0.0
Quelimane,22.476673364397342,802.7281764189144,0.028000354322516758
Alto Molocue,148.8830067806575,6274.462328334887,0.0237284087448124
Chinde,56.078167284446494,3132.325845801392,0.017903043950428833
Gile,191.42972466788234,9132.894492187666,0.020960466020015067
Gurue,153.78297651279507,5663.520015735611,0.02715325029054759
Ile,151.59982749762722,2949.801894680313,0.05139322331137663
Inhassunge,39.76878208447061,992.8100867906497,0.04005678690576852
Lugela,0.0,6153.747575438755,0.0
Maganja da Costa,88.421804327276,3876.264346809013,0.022811087277900922
Milange,108.07236667265963,5510.56261881572,0.019611857109408104
Mocuba,324.33276865281164,8800.690175123511,0.03685310608588262
Mopeia,158.59630275692788,7653.14553255824,0.020723021936826205
Morrumbala,108.99032960525864,8041.005678705946,0.013554315711265441
Namacurra,66.16130893444753,2028.9528210451508,0.03260859900151184
Namarroi,0.0,3066.7395424270517,0.0
Nicoadala,106.00908352320683,2489.515078119849,0.0425822219173976
Pebane,207.3236607789866,10208.492613559994,0.020308939686511356
Derre,19.538751704205193,4760.294057953745,0.0041045262049639215
Luabo,0.0,1135.3844358810147,0.0
Mocubela,52.261034659207425,3799.791645694964,0.013753657971856804
Molumbo,0.0,4331.41575161441,0.0
Mulevala,0.0,2714.35009701053,0.0
Cidade de Tete,39.81709342407138,287.0685050467023,0.13870240978749537
Angónia,43.33344716044891,3250.09328800542,0.013332985647018956
Cahora Bassa,48.461463562255645,5417.25429004485,0.008945761259779155
Changara,156.40336624738782,9548.34715416483,0.016380150797006502
Chifunde,256.26914328907066,9792.783062375775,0.02616918414885202
Chiúta,212.59327933882776,7117.623530499377,0.02986857599701007
Macanga,153.4864908185031,6782.313043307207,0.022630404972233436
Mágoe,0.0,8554.494284652603,0.0
Marávia,184.91892266683706,16694.38501529414,0.011076713667345531
Moatize,295.3117328567664,8423.216635535113,0.035059258907212676
Mutarara,168.13001010733257,2738.1948131282343,0.06140177072180392
Tsangano,101.99691437414316,3648.40293980368,0.027956592530218604
Zumbo,212.64092527502493,11990.11302435936,0.017734688976077145
Doa,100.41661781639361,3630.276178790324,0.027660875611357563
Marara,70.73637844245108,2714.5624260499067,0.02605811447312452
Cidade de Chimoio,67.84221474709516,204.3973256772378,0.3319134167842502
Báruè,175.42677659185097,5767.777049782627,0.03041497184750967
Gondola,187.57897334463294,2683.9257672427034,0.06988977699533762
Guro,74.71320509170374,6933.277010216344,0.010776030581442528
Machaze,0.0,13132.622971015866,0.0
Macossa,165.26178258310588,9552.357394697117,0.01730062808106919
Manica,64.895228127312,2535.6714175438724,0.025592916999542262
Mossurize,68.87551422290313,5017.010916285681,0.013728396324458226
Sussundenga,137.11354136556736,6994.381059260202,0.019603384517352832
Tambara,0.0,4281.657573234475,0.0
Macate,33.527304009739076,1587.7180980878993,0.021116660476514223
Vanduzi,121.9677804981252,3324.186029637774,0.03669102132392261
Cidade da Beira,48.56070364632675,648.3410812651551,0.07489993315180139
Búzi,100.47712673509804,7230.242017915862,0.01389678609459063
Caia,127.61567979850031,3359.348614020926,0.03798822166472103
Chemba,41.288377884376814,4212.586037896985,0.009801195159681267
Cheringoma,183.96373864349948,7120.270221939677,0.025836623177116554
Chibabava,190.842062380039,7248.8279395381305,0.02632729925055978
Dondo,133.2004299699006,2301.2916984238955,0.05788072414336986
Gorongosa,133.5758078050095,7506.77357978089,0.017794037129984723
Machanga,51.07038479290277,5743.779878793271,0.00889142444010795
Maringue,152.50659335192077,5410.343467098086,0.028187968893168963
Marromeu,105.76821349110877,5786.744807638033,0.018277670263168216
Muanza,167.67389180219254,7517.635199870712,0.022304073999903078
Nhamatanda,136.69418544937224,4018.9555665488756,0.03401236544815875
Cidade de Inhambane,33.86066961607079,202.3605850394049,0.1673283836843881
Funhalouro,0.0,13612.035902456579,0.0
Govuro,90.53705732390071,3972.6937287194937,0.022789840724289422
Homoine,0.0,1915.0852668282776,0.0
Inharrime,35.49543458243681,2743.930635578114,0.0129359810055688
Inhassoro,94.6609629310493,4748.65259835488,0.019934278402223733
Jangamo,70.69444225298662,1293.5909163373085,0.05464976706326283
Mabote,206.12042660068857,15321.67083764056,0.013452868736372737
Massinga,91.21409286085911,7421.910646538842,0.012289839800671299
Cidade da Maxixe,49.60368129694234,272.430151947767,0.18207852890840381
Morrumbene,41.062966089580385,2578.8114825258854,0.015923213607440655
Panda,0.0,6837.873878489539,0.0
Vilankulo,209.50738918895814,5864.488446515821,0.035724750947958565
Zavala,93.14804876595817,2008.973390868624,0.04636599428809933
Xai-Xai,18.877600751794095,312.9065801806839,0.06032982988370991
Bilene,94.02665692676295,1929.4384543460824,0.04873265416420349
Chibuto,87.13308288426614,6063.932917749815,0.014369071041207892
Chicualacuala,211.6931330274012,8281.983514968693,0.025560680318282597
Chigubo,74.58554469429623,10116.75891593709,0.007372474259201774
Chókwè,116.25058401115264,2493.6149318421344,0.04661930056910336
Guijá,105.25058999133695,3730.0187757424865,0.028217174314460677
Mabalane,169.6124553254032,8930.609440273422,0.018992259874283598
Mandlakazi,115.5773951582926,3205.489807410283,0.03605607944567687
Massangena,0.0,4110.829513070464,0.0
Massingir,0.0,5686.343831995658,0.0
Limpopo,64.44361060120397,1196.0401922398294,0.05388080686529452
Chongoene,87.84025004990505,1231.725513646593,0.07131479300923874
Mapai,367.28850211545847,18100.761055716674,0.02029132924217347
Cidade da Matola,49.829347494043176,370.22408603923526,0.13459239788294705
Boane,65.79319598409286,804.2981096290881,0.0818020025117729
Magude,15.240297404819463,6910.445269726832,0.002205400203599602
Manhiça,104.12985934101242,2363.2000548038723,0.044063074190159666
Marracuene,47.01840842091166,699.2954101023984,0.06723683259128888
Matutuine,104.73635750414911,5342.956883599049,0.019602695620781062
Moamba,69.99366129606129,4580.7923907437025,0.015279815220942081
Namaacha,93.85761057292555,2148.24414999247,0.04369038341068195
KaMpfumo,0.0,13.467791034570089,0.0
Nhlamankulo,4.829400688023511,8.051017306306983,0.5998497462227871
KaMaxaqueni,0.0,12.658705737416586,0.0
KaMavota,1.6177774391558133,83.65024557926137,0.019339781108268426
KaMubukwana,24.691515102481382,58.02097356993697,0.4255618888007605
KaTembe,0.0,122.7504506089506,0.0
KaNyaka,0.0,47.78384952971388,0.0
